title,date,details_url,content
And the My LA2050 Winners Are...,"July 9, 2018",https://www.prweb.com/releases/2018/07/prweb15610130.htm,"Today, the Goldhirsh Foundation has announced the winners of the [2018 My LA2050 Activation Challenge](https://activation.la2050.org), an open call for ideas designed to activate 100,000 Angelenos to make LA the best place to learn, create, play, connect, and live."
Stockton's Young Mayor has Bold Turnaround Plan: Basic Income and Stipends for Potential Shooters,"May 26, 2018",http://www.latimes.com/local/california/la-me-lopez-stockton-money-05272018-story.html,"Stockton Mayor Michael Tubbs says that for way too long, his city has been known for headlines about bankruptcy, violent crime and the housing collapse. In the future, he wants it to be known as a place willing to test bold solutions."
Forget the GOP Tax Plan. Stockton Has a Real Solution for Poverty – Free Money,"November 20, 2017",http://www.sacbee.com/opinion/opn-columns-blogs/erika-d-smith/article185683993.html,"Republicans in Congress certainly talk a good game about helping the poor and middle class, arguing, however unconvincingly, that their rewrite of the tax code will amount to more than just a giveaway to the rich. But all their shameless maneuvering is really doing is making once-crazy, semi-socialistic economic ideas, such as universal basic income, seem sane."
"Foundation Provides Additional $250,000 to Stockton Basic Income Program","November 16, 2017",http://www.recordnet.com/news/20171116/foundation-provides-additional-250000-to-stockton-basic-income-program/1,"A $1 million “basic income” experiment in Stockton has received an additional $250,000 contribution, Mayor Michael Tubbs’ office announced Thursday afternoon. The Goldhirsh Foundation announced it will match up to $250,000 in donations to Stockton’s recently revealed basic income program, which has been dubbed the Stockton Economic Empowerment Demonstration (SEED)."
Stockton to Pilot ‘Basic Income’ Experiment,"October 18, 2017",http://www.recordnet.com/news/20171018/stockton-to-pilot-basic-income-experiment,"A consortium of policy experts, researchers and academics has awarded $1 million to Stockton to fund an experiment that aims to assess the social benefits of providing a guaranteed monthly income for one or more years to a tiny segment of the city’s residents, Mayor Michael Tubbs announced Wednesday."
"3 Years Ago, Stockton, California, was Bankrupt. Now It's Trying Out a Basic Income.","October 18, 2017",https://www.vox.com/policy-and-politics/2017/10/18/16479796/stockton-california-basic-income-economic-security-experiment,"Next year, a random sample of the 300,000 residents of Stockton, a port city in California’s Central Valley, will get $500 per month ($6,000 a year) with no strings attached. It’s the latest test of a policy known as basic income, funded not out of city revenues but by individual and foundation philanthropy."
"A California City is Launching the First US Experiment in Basic Income — and Residents Will Get $6,000 a Year","October 17, 2017",http://www.businessinsider.com/stockton-california-launching-the-first-us-experiment-in-basic-income-2017-10,"Stockton, California is expected to become the first US city to launch an experiment in universal basic income, a system of wealth distribution in which people receive a set amount of money just for being alive. Stockton Mayor Michael Tubbs said that by August 2018 he hopes to enroll an undisclosed number of Stockton's 315,000 residents in the program."
Why You Should Be Highly Optimistic If You Want To Be Successful,"October 5, 2017",https://www.cnbc.com/2017/10/05/why-should-you-be-highly-optimistic-if-you-want-to-be-successful.html,"Ben Goldhirsh, CEO of Good Worldwide, reiterates the importance of optimism in accomplishing goals. When discussing optimism, your ""expectations kind of dictate outcomes,"" he says. ""People are hungry to see their expectations elevated."""
How Annenberg Tech turns LA Geeks into Philanthropists,"July 5, 2017",https://www.pcmag.com/news/354419/how-annenbergtech-turns-l-a-geeks-into-philanthropists,"AnnenbergTech introduces those in the industry to the concept of local citizenship, and—when they strike it really rich—to philanthropy."
LA2050 and PVBLIC Foundation,"April 18, 2017",https://www.pvblic.org/goldhirsh,"PVBLIC Foundation works strategically to pair media space with non-profits at local, national and global levels, using emerging technologies to amplify non-profits and their messages. As described in this case study, LA2050 collaborated with PVBLIC to produce My LA2050 winner bus benches across the city."
A Multi-Pronged Approach to Impact Investing for Family Foundations,"April 12, 2017",http://pndblog.typepad.com/pndblog/2017/04/a-multi-pronged-approach-to-impact-investing-for-family-foundations.html?,"PhilanTopic addresses important issues and challenges in philanthropy and impact. In this piece, Tara Roth, president of the Goldhirsh Foundation, weighs in on early-stage investing, donor-advised funds, and social entrepreneurs."
"GOOD Lab Report: Leaders from Common Pool, Encore.org, and Johnson & Johnson Discuss Competitions for Social Impact","February 8, 2017",http://www.goodinc.com/news/blog/good-lab-report-leaders-from-common-pool-encoreorg-and-johnson--johnson-discuss-competitions-for-social-impact,"Competitions have emerged as a creative means by which corporations, foundations, universities, and even the government can engage innovators and generate breakthrough solutions. GOOD Lab: New York City assembled 65 multi sector leaders to discuss the ins and outs of competitions for impact—their types, opportunities, challenges, and trends."
LA Review of Books: Quarterly Journal Fall 2016,"January 6, 2017",https://lareviewofbooks.org/edition/quarterly-journal-fall-2016/,The new issue of the LARB Quarterly Journal is dedicated to the writers and artists of Los Angeles. Get your print or digital copy today!
My LA2050: Las iniciativas para un mejor Los Ángeles,"January 3, 2017",http://laopinion.com/2017/01/03/my-la2050-las-iniciativas-para-un-mejor-los-angeles/,La Opinion features some of the 2016 My LA2050 winners.
"Can a $100,000 grant revive the Triforium, L.A.'s 'weird, strange beacon'?","January 3, 2017",http://www.latimes.com/local/lanow/la-me-ln-triforium-renovation-20161217-story.html,Will the team behind the Triforium Project be able to navigate the hurdles that confounded the sculpture over 40 years ago?
2016 Techweek 100,"December 31, 2016",http://techweek.com/techweek100/#tw100_list,"The Techweek100 celebrates individuals and companies for their leadership, innovation, and support of the local tech ecosystem. Selected by the Techweek community, the list recognizes the most distinguished members of the burgeoning tech community in each city. The Goldhirsh Foundation was selected in the ""Cultivators"" category, which includes 25 VCs, incubators, educational institutions, and other organizations that support and enable the tech ecosystem"
"The Most Controversial Public Sculpture in the City Is Getting a $100,000 Upgrade","December 7, 2016",http://www.lamag.com/culturefiles/triforium-return-la2050-grant/,"Love it and/or hate it, the Triforium is finally going to live up to everything it was envisioned for—as a gathering place, as an interactive public artwork, as a blazing rainbow beacon of downtown as a place of progress and vitality. The sculpture is getting a triumphal return to the tune of $100,000, won through the LA2050 grant competition. The money will be used to replace the mostly burnt-out bulbs behind the handmade Italian glass prisms with working LEDs, update the wiring and computer system that runs the thing, and develop an app people can use to compose music for the Triforium to play."
Goldhirsh Foundation Awards $1 Million in Grants to 12 L.A.-Area Organization,"December 7, 2016",http://www.labusinessjournal.com/news/2016/dec/08/goldhirsh-foundation-awards-1-million-grants-12-l-/,"The Goldhirsh Foundation announced winners for its annual My LA2050 Grants Challenge Tuesday, a $1 million grant competition to source creative ideas about shaping the future of Los Angeles. The 12 winning organizations will receive grants ranging from $25,000 to $100,000 to implement projects in 2017 designed around themes that make Los Angeles the best place to learn, create, play, connect, and live."
"San Pedro, Long Beach Projects Win Grant Awards for 2017","December 6, 2016",http://www.dailybreeze.com/science/20161206/san-pedro-long-beach-projects-win-grant-awards-for-2017,"AltaSea, the marine research campus being built at San Pedro’s outer harbor, has received a $100,000 award for its STEM program through the My LA2050 Grants Challenge. Covenant House California also will receive $100,000, in partnership with a barber in Long Beach."
Goldhirsh Foundation gives $1M in grants via My LA2050 Grants Challenge,"December 6, 2016",https://web.archive.org/web/20161207225600/https://www.yahoo.com/news/goldhirsh-foundation-gives-1m-grants-via-la2050-grants-210100907.html,"Today, the Goldhirsh Foundation announced winners for its annual My LA2050 Grants Challenge, a $1M competition to source creative ideas about shaping the future of Los Angeles. The 12 winning organizations will receive grants ranging from $25,000 to $100,000 to implement projects in 2017 that make Los Angeles the best place to learn, create, play, connect, and live."
Goldhirsh Foundation Gives $1M in Grants via My LA2050 Grants Challenge,"December 12, 2016",http://www.pasadenanow.com/main/goldhirsh-foundation-gives-1m-in-grants-via-my-la2050-grants-challenge/,"12 organizations participating in crowdsourced and crowd-voted challenge selected as winners to receive grants ranging from $25,000 to $100,000 to better Los Angeles."
UCLA Groups Enter Grant Competition to Improve LA for the Future,"November 17, 2016",http://dailybruin.com/2016/11/17/ucla-groups-enter-grant-competition-to-improve-la-for-the-future/,The Daily Bruin covers two UCLA-affiliated groups that applied for the 2016 My LA2050 Grants Challenge.
My LA2050 Wants to Make Sure Los Angeles Grows Creatively,"October 21, 2016",https://www.wearemitu.com/newsfeed/myla2050-wants-to-make-sure-los-angeles-grows-creatively/,"Mitú writes about the LA2050 initiative as they promote their submission for the 2016 My LA2050 Grants Challenge. Their proposal, the mitú Accelerator, seeks out the best and freshest Latino talent a chance to create the kind of content that has long been missing: Latino talent. The mitú Accelerator also offers mentorship of up and coming Latino content creators."
20 Of Our Favorite Events In Los Angeles This Week,"October 17, 2016",http://laist.com/2016/10/17/20_of_our_favorite_events_in_los_an_48.php,LA2050's
"Leading from the Heart, C-Suite Quarterly","September 29, 2016",http://csq.com/2016/10/tara-roth-leading-heart/#.WAErZ5MrKRu,"Tara Roth, president of the Goldhirsh Foundation, tells C-Suite Quarterly Magazine how she sees Los Angeles as the epicenter for innovation and social entrepreneurship."
"LA2050 and Crowdsourcing Philanthropy for LA’s Future, USC Price Bedrosian Center","September 21, 2016",https://soundcloud.com/uscbedrosian/la2050-and-crowdsourcing-philanthropy-for-las-future,"This episode of USC Bedrosian's LA#itself podcast features a conversation with Angie Jean-Marie, Social Innovation and Marketing Manager at the Goldhirsh Foundation, and her predecessor Shauna Nep, Senior Philanthropic Advisor at Fundamental. Jean-Marie and Nep discuss the origins for the the Goldhirsh Foundation's crowdsourcing approach for philanthropy, the inherent opportunities and challenges, and how LA2050's staff makes annual micro-adjustments to capitalize on Goldhirsh’s long-term funding agenda."
Grand Park New: 'Paper Airplane' Canopy,"September 16, 2016",http://www.nbclosangeles.com/news/local/Grand-Park-New-Paper-Airplane-Canopy-393769601.html,"""Paper Airplanes"" is a public art installation that debuted in Grand Park on Tuesday, Sept 13, 2016. This installation was made possible by 2015 My LA2050 grant winner, Grand Park."
"LA's big plan to change the way we move, CurbedLA","September 9, 2016",http://la.curbed.com/2016/9/9/12824240/self-driving-cars-plan-los-angeles,"The City of Los Angeles and the Los Angeles Department of Transportation have released Urban Mobility in the Digital Age, a new report that provides a roadmap for the city’s transportation future. The report is the first by a city in nation to reveal how it will make shared, self-driving vehicles a key part of its public transit future. The report was the product of an LADOT fellowship funded by the Goldhirsh Foundation, and addresses the city’s plan to combine self-driving vehicles with on-demand sharing services to create a suite of smarter, more efficient transit options."
"Tech Roundup: IPO Frenzy Hits LA, LA2050 Kicks Off and More, Built in LA","September 8, 2016",http://www.builtinla.com/2016/09/08/tech-roundup,"Built in LA, Los Angeles' hub for tech news and startup jobs, featured the 2016 My LA2050 Grants Challenge in its Tech Roundup."
"How to Survive in LA Without Driving, PC Magazine","August 2, 2016",http://www.pcmag.com/news/346663/how-to-survive-in-l-a-without-driving,"Ashley Z. Hand, the Transportation Technology Strategist fellow funded by the Goldhirsh Foundation, tells PC Magazine how her role is creating a city-wide strategy to build a tech-savvy transportation system for Angelenos."
"The 100 Best Non-Profit Website Designs of 2016, everyaction","July 6, 2016",https://act.everyaction.com/best-nonprofit-websites-2016/creative/goldhirshfoundation,The Goldhirsh Foundation's website was named one of the 100 best non-profit website designs of 2016.
"2,040 LAUSD Students Registered to Vote Ahead of Primary","June 9, 2016",http://laschoolreport.com/la-youth-vote/,"Through a #PartyatthePolls LA2050 Grant, the United Way dispersed $500 to schools for activities to encourage high school students to register and vote. The activities varied at each school and included rallies, DJs, cookies, posters and raspados. About 2,040 LA Unified students registered to vote at 28 schools, according to data from the United Way. About 60 percent of those students were eligible to vote in Tuesday’s primary; some were not yet 18 years old but could pre-register."
Did you vote? Celebrate democracy with a,"June 7, 2016",https://www.timeout.com/los-angeles/blog/did-you-vote-celebrate-democracy-with-a-partyatthepolls-060716,The city-wide LA2050 initiative is hosting the final events of their
"A Big Southern California Funding Partnership Worth Talking About, Inside Philanthropy","June 3, 2016",http://www.insidephilanthropy.com/los-angeles/2016/6/3/a-big-southern-california-funding-partnership-worth-talking.html,"The Annenberg Foundation and Roy and Patricia Disney Family Foundation's involvement in the My LA2050 Grants Challenge is big news, not just because of the additional funding but also because more Southern California funders are being drawn to a more democratic form of philanthropy."
"50 influential people in LA tech you should follow on Twitter, Built in LA","May 26, 2016",http://www.builtinla.com/2016/05/25/los-angeles-tech-influencers-twitter,"Goldhirsh Foundation president, Tara Roth, is featured in article listing leaders from LA's tech and startup community."
ComNetwork LA: An Evening with Tara Roth,"May 17, 2016",http://www.comnetwork.org/comnetworkla/,"Tara Roth was the honored speaker for the Communications Network LA Leadership Group. Roth, interviewed by Angie Jean-Marie, spoke about bridging the worlds of marketing, media, and philanthropy throughout her career. Roth also shared insights about the power of social sector communications to spark innovation and how storytellers can help shape a better future for Los Angeles."
Announcing $1.4 million in support for cities and sustainability through Partners for Places,"May 6, 2016",http://www.fundersnetwork.org/blog/announcing-1.4-million-in-support-for-cities-and-sustainability-throug,"Goldhirsh Foundation grantee, <a href=""peopleforparks.org"">People for Parks</a>, was selected by the Funders Network to receive a $75,000 matching grant which leverages the award received via the My LA2050 Grants Challenge to support their community school parks project."
"FOUNDATION WORK: Entry Points, Barriers and Funding","May 4, 2016",http://www2.artcenter.edu/leapdialogues/,"Tara Roth, President of the Goldhirsh Foundation, and Lee Davis, Co-Director, Center for Social Design, Maryland Institute College of Art (MICA), join 84 thought-leaders who contributed to <a href=""http://www.designmattersatartcenter.org/"">Designmatters at ArtCenter's</a> newest publication, LEAP Dialogues, a first of its kind book that explores the new career pathways in social innovation for designers."
Liberty Hill to Honor Benjamin Goldhirsh with the Upton Sinclair Award,"March 28, 2016",https://www.libertyhill.org/2016/03/28/liberty-hill-to-honor-benjamin-goldhirsh-with-the-upton-sinclair-award,"Goldhirsh Foundation chairman, Ben Goldhirsh is recognized by Liberty Hill and presented the Upton Sinclair Award, an award for those who, like the muckraking journalist Sinclair, combine their talents and beliefs to advance social justice."
"Los Angeles Philanthropic Partnership Announces $600,000 in Additional Grants to My LA2050 Participants","March 9, 2016",https://drive.google.com/file/d/0B3d8uMoYWTmNa1IxajBkYjM5Z00/view?usp=sharing,"Roy and Patricia Disney, Annenberg, and Goldhirsh family foundations collaborate to invest more than $1.6 million to support social sector innovation in Los Angeles, and pilot program to prepare next generation philanthropists"
"Can We Build a Better Los Angeles by 2050, Caring Magazine","January 19, 2016",http://www.caringmagazine.org/can-we-build-a-better-los-angeles-by-2050/,The role of community feedback in cultivating a more sustainable future.
"LA2050 Renews Civic Engagement in Los Angeles, 2015 Grant Winners Announced, KCET","December 31, 2015",http://www.kcet.org/socal/departures/la2050-renews-civic-engagement-in-los-angeles-2015-grant-winners-announced.html,KCET's Adriana Widdoes writes about the winners of the 2015 My LA2050 Grants Challenge and the LA2050 initiative's broader efforts to renew civic engagement in Los Angeles.
"LA2050 2015 Winners, Get Downtown","December 10, 2015",http://www.getdowntown.la/features/2016/1/5/la2050-2015-winners-la-victoria-at-las-perlas,"Get Downtown, a Downtown Los Angeles cultural and arts guide, congratulates all of the 2015 My LA2050 winners, particularly praising the Los Angeles Review of Books. With the LA2050 grant, LARB will be profiling one Los Angeles artist or writer every day for one year."
"My LA2050 Announces Winners of $1 Million Grant Competition, The Hollywood Reporter","December 8, 2015",http://www.hollywoodreporter.com/news/my-la2050-announces-winners-1-846985,"Winning programs have industry ties to such names as Mark Gordon, Norman Lear and actress Amy Smart."
And the My LA2050 Winners Are...,"December 8, 2015",http://www.prnewswire.com/news-releases/and-the-my-la2050-winners-are-300189904.html?tc=eml_cleartime,"LA2050 announces $100,000 awards to 10 winners of the My LA2050 Grants Challenge"
$1 Million Up for Grabs: Cast Your Vote for Your Favorite Ideas Shaping LA’s Future,"October 20, 2015",http://www.prweb.com/releases/2015/10/prweb13031085.htm,"LA2050 welcomes Angelenos to vote in the My LA2050 Grants Challenge and help organizations win $100,000 to shape the future of Los Angeles."
"Designing the City of our Dreams, Vator","September 14, 2015",http://vator.tv/news/2015-09-14-designing-the-city-of-our-dreams,"Goldhirsh Foundation president, Tara Roth, on how startups in Los Angeles foster ideation and civic activation and incubate solutions to pressing challenges."
Mayor Garcetti Appoints Transportation Strategist at LADOT Supported by Grant from Goldhirsh Foundation,"August 18, 2015",http://www.lamayor.org/mayor_garcetti_announces_appointment_of_transportation_technology_strategist_fellow,Mayor Eric Garcetti today announced the appointment of Ashley Z. Hand as the transportation technology strategist fellow at the Los Angeles Department of Transportation (LADOT). The fellowship is funded through a grant from the Goldhirsh Foundation.
"The Seven Most Innovative Philanthropists in Los Angeles, Starfish Impact","July 24, 2015",http://starfishimpact.com/2015/07/the-seven-most-innovative-philanthropists-in-los-angeles/,Goldhirsh and its LA2050 initiative featured among top philanthropic thinkers in Los Angeles that inspire with creativity and impact.
"Resources At USC, Silicon Beach & Online That Can Help You Become The Next Unicorn, Medium","July 20, 2015",https://medium.com/@lisamsilvia/resources-at-usc-that-can-help-you-become-the-next-unicorn-8381226a120b,Goldhirsh Foundation and LA2050 listed among resources to help support entrepreneurship in Silicon Beach and throughout Los Angeles.
"New LA2050 Report, Vision for a Successful Los Angeles","July 14, 2015",http://www.prweb.com/releases/2015/07/prweb12845346.htm,"Today, LA2050 released its latest findings in LA2050: Vision for a Successful Los Angeles. This report is the second in a series of publications that comprehensively measure the quality of life in Los Angeles County. LA2050, an initiative of the Goldhirsh Foundation, drives and tracks progress toward building a better future for the Los Angeles region."
"L.A. City Hall Seeks to Fill Special Position on Transportation Technology, Route 50","June 24, 2015",http://www.routefifty.com/2015/06/los-angeles-transportation-technology-advisor/116233/,"Route 50's Neil Ungerleider checked in with Goldhirsh Foundation's President, Tara Roth, to discuss the foundation's investment in the City of Los Angeles' Department of Transportation Technology Advisor."
"How Outdoor Civic Venues Are Being Adapted for Events, Goldhirsh Foundation's LA2050 Event at Grand Park as a Case Study","June 15, 2015",http://www.bizbash.com/how-outdoor-civic-venues-are-being-adapted-for-events/new-york/story/30559/#.VX9bzorF_gG,Forward-thinking cities are building event-friendly amenities into outdoor space at public venues.
Tara Roth featured on BBC News Business Matters,"June 5, 2015",http://www.bbc.co.uk/programmes/p02sftct,Tara Roth joins BBC News Business Matters to talk about the Goldhirsh Foundation's work in Los Angeles supporting social innovation.
"Tara Roth, President of the Goldhirsh Foundation, featured in Vator TV","May 29, 2015",http://vator.tv/news/2015-05-29-the-la-tech-culture-and-the-talent-pool-challenge,"Check out a full video of Vator Splash LA 2014: ""Technology and the LA Culture,"" with panelists: Nate Redmond of Rustic Canyon; Rob Kornegay of Wilson Sonsini; Peter Marx of City of LA; Ashish Soni of USC Viterbi School of Engeineering, Viterbi Startup Garage & VSi2; Eva Ho of Susa Ventures; and Tara Roth of Goldhirsh Foundation, LA2050; with moderator Kevin Winston, Founder of Digital LA."
LA Downtown News: Pershing Square Playgrounds Break Ground,"May 13, 2015",http://www.ladowntownnews.com/news/pershing-square-playgrounds-break-ground/article_d736d534-f985-11e4-b023-c7c0013aa975.html,"Representatives from the city Department of Recreation and Parks, the Pershing Square Park Advisory Board and the Goldhirsh Foundation’s LA2050 Campaign joined LA City Councilman Jose Huizar to commemorate the groundbreaking of two new children’s playgrounds."
Goldhirsh Foundation supported LADOT Fellowship featured in Fast Company,"May 7, 2015",http://www.fastcompany.com/3046055/tech-forecast/las-mayor-garcetti-were-hiring-a-ride-share-and-autonomous-car-advisor,"Los Angeles, the city that is synonymous with car culture, is getting a citywide advisor on autonomous vehicles, rideshares, and bicycles. The new position at Los Angeles's Department of Transportation will be a year-long fellowship made possible by a grant from the Goldhirsh Foundation."
"Twitter makes a stop at Incubator School, an LA2050 grantee","April 30, 2015",https://twitter.com/TwitterDev/status/593829705431658496,null
Groups work to turn South LA lots into children's playgrounds,"April 30, 2015",http://www.scpr.org/news/2015/04/30/50927/groups-work-to-turn-south-la-lots-into-children-s/,LA2050 grantees Trust for Public Land and Community Health Council's LA Open Acres are featured in this story on KPCC.
Los Angeles Community Impact hosts Spring Showcase featuring Shauna Nep,"April 29, 2015",http://dailytrojan.com/2015/04/29/los-angeles-community-impact-hosts-spring-showcase/,"USC's Los Angeles Community Impact hosted its Spring Showcase, the culmination of the organization’s semester-long consulting projects on Wednesday. Shauna Nep, director of community and innovation at the Goldhirsh Foundation, discussed what Goldhirsh Foundation calls the five points along the “circuitous path of innovation”: necessity, hustle, storytelling, unusual suspects and the reflective incubation period."
Tara Roth interviewed by Lioness Magazine,"April 17, 2015",http://lionessmagazine.com/tara-roth-supports-innovation-at-the-goldhirsh-foundation/,"With a staff of only four full-time employees, along with some contractors and interns, the Goldhirsh Foundation is making incredible strides to work toward its mission of supporting personal innovation in Los Angeles."
"Risk-Taking Philanthropy Work Can Make a Big Urban Impact, Next City Profiles Shauna Nep","April 16, 2015",http://nextcity.org/daily/entry/shauna-nep,"Next City profiles Shauna Nep, Director of Community and Innovation at the Goldhirsh Foundation."
"L.A. saving water but still has a long way to go, Los Angeles Times","April 13, 2015",http://www.latimes.com/local/california/la-me-adv-water-use-compared-20150413-story.html,"UCLA institute gives Los Angeles County a 'C' for its management of water supply and water quality, and researchers find that L.A. County's potable water use is still almost twice as high as average European city."
"UCLA gives Los Angeles County's environment C+ grade, Los Angeles Sun Times","April 8, 2015",http://la.suntimes.com/la-news/7/88/204830/ucla-gives-los-angeles-countys-environment-c-grade/,"“UCLA’s report card fills a gap in what we know about the county,” said Tara Roth, president of the Goldhirsh Foundation. “It gives the public and policymakers evidence of where improvement is needed, as well as a framework to talk about it. Our hope is that it leads to broader decision-making and policies to improve the county as a whole, not just one community at a time.”"
"UCLA's Institute of the Environment and Sustainability's Environmental Report Card, KCRW","April 7, 2015",http://s3.amazonaws.com/TVEyesMediaCenter/UserContent/176470/4727465.5429/RADKCRW_04-07-2015_06.30.25.mp3,Tune in to learn more about UCLA's Institute of the Environment and Sustainability's Environmental Report Card for the LA region.
"UCLA's Environmental Report Card, Good Day LA","April 7, 2015",http://s3.amazonaws.com/TVEyesMediaCenter/UserContent/268171/4727436.6942/KTTV_04-07-2015_08.05.25.mp4,Coverage of UCLA IoES' Environmental Report Card for LA County.
"UCLA Study Rates L.A. a C+, Los Angeles Business Journal","April 7, 2015",http://labusinessjournal.com/news/2015/apr/07/briefs-ucla-study-rates-l-c-lions-gates-largest-sh/,"Los Angeles County has work to do when it comes to the environment, according to a UCLA study released on Tuesday that rates the county’s environmental performance as a C+. Read the coverage on LABJ."
"LA's environment report card shows average results, KPCC","April 7, 2015",http://www.scpr.org/news/2015/04/07/50831/la-county-gets-a-c-on-the-environment/,The Goldhirsh Foundation and LA2050 were proud to partner on Los Angeles' first environmental report card is out. Listen to the interview with Mark Gold on KPCC.
"Stana Katic's Alternative Travel Project And Metro Take On Women's Safety Issues, LAist featuring Shauna Nep","March 4, 2015",http://laist.com/2015/03/04/stana_katics_alternative_travel_pro.php,"The ATP and Metro-sponsored event focused on safety issues, upcoming Metro projects, and ways the public can get involved to improve the transportation system in Los Angeles. Shauna Nep, director of Community & Innovation at the Goldhirsh Foundation, talked about a “culture shift” away from home- and car-ownership for millennials and how more are opting for car-free lifestyles (as well as Uber and Lyft)."
"LA is more than halfway to its goal of 50 new, small parks, KPCC featuring Trust for the Public Land","March 3, 2015",http://www.scpr.org/news/2015/03/03/50134/las-plan-for-50-new-parks-is-more-than-halfway-the/,"Since 2012, when officials announced a plan to build 50 new, mostly small parks in some of L.A.’s most crowded neighborhoods, the city has completed 29. They are partnering with nonprofits like the L.A. Neighborhood Land Trust and the Trust for Public Land to build the parks and in some cases maintain them for several years before the city takes over."
"10 skill-sets every entrepreneur must have, according to 3 LA executives, featuring Tara Roth","February 16, 2015",http://www.builtinla.com/2015/02/16/10-skill-sets-every-entrepreneur-must-have-according-3-la-executives,Be Passionate. Be Authentic. Stay Committed. Our own Tara Roth talked to Built in LA about the skill-sets every entrepreneur must have.
Moving LA toward Water Independence,"January 22, 2015",http://www.kcrw.com/news-culture/shows/which-way-la/moving-la-toward-water-independence,Goldhirsh Foundation grantee UCLA IoES speaks to KCRW about the future of water.
"The Angeleno Who Got CicLAvia Rolling Doesn’t Just Produce Festivals; He Aims to Reshape L.A., featuring Aaron Paley","January 14, 2015",http://www.lamag.com/citythinkblog/angeleno-got-ciclavia-rolling-doesnt-just-produce-festivals-aims-reshape-l/,A rare in-depth interview with the founder of Goldhirsh Foundation grantee Ciclavia's Aaron Paley.
"Inspirational school libraries from around the world, Locke High School","January 8, 2015",http://www.theguardian.com/teacher-network/gallery/2015/jan/08/school-libraries-world-books-gallery,"From a story garden in Cornwall to hexagonal towers in Los Angeles, The Guardian looks at inventive spaces designed to get children excited about books. Featuring LA2050 grantee No Right Brain Left Behind's Locke Jet Space at Locke High School."
"How do you turn a tagger into an entrepreneur?, Streetcraft L.A., KPCC","January 7, 2015",http://www.scpr.org/news/2015/01/07/49115/turning-taggers-into-entrepreneurs/,"Bobby Rodriguez used to do illegal graffiti all over Southern California. With the help of Streetcraft L.A., he now gets legal work, like this mural on the Santa Monica pier."
"By Planting Seeds in His Neighborhood, This Man Got America Talking About Food Deserts, Ron Finley","January 5, 2015",http://www.takepart.com/article/2014/12/16/planting-few-seeds-his-neighborhood-man-launched-nationwide-conversation-about,A beautiful feature of Goldhirsh Foundation grantee Ron Finley on TakePart.
"The Smartest Cities In The World, Fast Company","November 20, 2014",http://www.fastcoexist.com/3038765/fast-cities/the-smartest-cities-in-the-world,"These cities that are doing the best at embracing the future are focusing on improving technology, equality, sharing, civic participation, and more. LA2050 compiled the data for Los Angeles."
"Making Alleys a Place for Play, Next City","November 4, 2014",http://nextcity.org/daily/entry/alley-makeover-green-alleys-los-angeles,"If the Trust for Public Land LA2050 project is scaled, it could have a substantial impact on Los Angeles' urban fabric and 900 miles of alleys."
"She gives away millions at dream job, Larchmont Chronicle","October 29, 2014",http://issuu.com/larchmontchronicle/docs/lc_issue_11-14_100,What would you do if someone asked you to help distribute $1 million? Read Tara's story on Page 25 of the Larchmont Chronicle.
"Windsor Square's Tara Roth Behind LA2050, Larchmont Buzz","October 21, 2014",http://www.larchmontbuzz.com/larchmont-village-people/windsor-square-s-tara-roth-behind-la2050/,"Suddenly this fall, it seemed the LA2050 Challenge was everywhere. We were sent emails and stopped on the street – vote for a project that will better life in LA. Given one vote and so many potentially great projects, it was hard to understand where this was all coming from. Who was behind LA2050?"
"Celebrate L.A. from Luis Rodriguez to the San Gabriels, KCET","October 10, 2014",http://www.kcet.org/socal/departures/columns/la-letters/celebrate-la-from-luis-rodriguez-to-the-san-gabriels.html,LA2050 organized an epic party celebrating the city in Grand Park. This week L.A. Letters spotlights each of these people and events to reveal the rising spirit across Los Angeles in October 2014.
"L.A. Designer: LA2050′s Tara Roth Talks about Crowdsourcing Civic Improvement, KCRW DNA","October 8, 2014",http://blogs.kcrw.com/dna/l-a-designer-la2050s-tara-roth-talks-about-crowdsourcing-civic-improvement,"There was a time when cities were largely shaped by powerful planners and politicians, developers and philanthropists. Now increasingly the wisdom of the crowds is being tapped, through crowdsourcing initiatives made widely accessible through the internet."
"It’s OK, CEOs are allowed to laugh too, Smart Business Magazine","October 2, 2014",http://www.sbnonline.com/article/little-humor-can-facilitate-lot-creativity-business/,"Humor can be a powerful management tool. Humor reminds us of our collective humanity and renders even the worst decision tolerable. Although humor can manifest itself in widely different ways, humor is a trait shared across all cultures, ages and genders."
"Young L.A. Is the Real Winner of LA2050, CityLab","September 30, 2014",http://www.citylab.com/design/2014/09/young-la-is-the-real-winner-of-la2050/380948/,"Today, the foundation behind LA2050—an initiative to draft a comprehensive road map for the city's future—announced the winners of this year's My LA2050 Grants Challenge, a funding competition with a difference: The public got to choose five of the 10 winners, who will share a $1 million bounty."
"You Asked, They Answered L.A. leaders and city activists answer virtual questions at LA2050 and The Atlantic's Twitter party online, The Atlantic","September 26, 2014",http://www.theatlantic.com/live/articles/2014/09/you-asked-citylab2014/380767/,LA2050 and The Atlantic hosted a virtual Twitter party to kickoff the conversation about discovering urban solutions to global problems taking place at this year's CityLab event.
"Tara Roth Could Make L.A.’s Dreams Come True, LA Woman of the Year, LA Magazine","September 16, 2014",http://www.lamag.com/lawomanarticle/tara-roth/,"The president of Goldhirsh Foundation launched LA2050, a civic advocacy program that invests in the future of L.A."
"LA2050 Opens Online Voting for 2014 Grants Challenge, The Hollywood Reporter","September 2, 2014",http://www.hollywoodreporter.com/news/la2050-opens-online-voting-2014-729662,"LA2050 — an initiative backed by the Goldhirsh Foundation — has opened online voting for its 2014 Grants Challenge, which will see a total of $1 million doled out and distributed evenly among 10 winning submissions."
"Mayor Garcetti Addresses Gentrification Concerns Along L.A. River, KCET","June 2, 2014",http://www.kcet.org/socal/departures/lariver/confluence/river-notes/mayor-garcetti-addresses-gentrification-concerns-along-la-river.html,"Right on the heels of Mayor Eric Garcetti's triumphant announcement of the $1-billion investment on the Los Angeles River, came concerns of longtime residents being pushed out in favor of developers looking to turn a profit on what is now prime real estate."
"The best and brightest of Los Angeles are hard at work planning the city's future, Smart Business Magazine","May 1, 2014",http://www.smartbusinessemag.com/may2014/LosAngeles/0/0#&pageSet=7&contentItem=0,"LA2050 is an initiative to create a shared vision for the future of Los Angeles, and to drive and track progress toward that vision."
"#LA2050Listens, LA Commons, Community art project to offer ideas on how to improve MacArthur Park, Los Angeles Times","April 28, 2014",http://www.latimes.com/local/la-me-macarthur-park-20140428-story.html,"The #LA2050Listens event, called Story Summit, was organized by L.A. Commons, a community program that uses art to give a voice to underrepresented areas. This particular gathering featured Aztec dancers, arts and crafts workshops and free tamales."
"How a city created a roadmap to a brighter future, PSFK","March 13, 2014",http://www.psfk.com/2014/03/los-angeles-crowdsourcing-social-good.html?utm_source=Sailthru&utm_medium=email&utm_term=daily&utm_campaign=Daily%202014-03-13#!zyo0B,"In 2013, the Goldhirsh Foundation launched LA2050, an initiative to create a shared vision for the future of Los Angeles, and to drive and track progress toward that vision. LA2050 looked at the health of the region through eight key indicators and made informed projections about where Los Angeles would be in the year 2050 if the city continued operate and the people continued to live as they are now."
"LA2020 v. LA2050: The Battle Over L.A.’s Future, Los Angeles Magazine","March 12, 2014",http://www.lamag.com/citythink/citythinkblog/2014/03/12/la2020-v-la2050-the-battle-over-las-future,"Run by the Goldhirsh foundation, LA2050’s hope is to create a shared vision of L.A.’s future by fostering a collaborative climate among Angelenos."
"A brighter vision of LA’s future, KCRW","March 12, 2014",http://blogs.kcrw.com/whichwayla/2014/03/a-brighter-vision-of-las-future,A new report that looks farther into LA’s future says there is unlimited potential in LA that needs to be “unleashed.”
"What LA's future could be if money and politics weren't issues, KPCC","March 4, 2014",http://www.scpr.org/programs/take-two/2014/03/04/36298/what-la-s-future-could-be-if-money-and-politics-we/,"From small ideas to big, a look now at what a vision for LA's own future could look like with Tara Roth, president of the Goldhirsh Foundation."
"A Field Guide To Innovation In Los Angeles, PSFK","December 20, 2013",http://www.psfk.com/2013/12/los-angeles-innovation.html#!ql6IG,"In L.A. innovating means providing a better quality of life for the city’s inhabitants across public, private, and nonprofit sectors."
"Get to know the Goldhirsh Foundation, KCRW","September 19, 2013",http://blogs.kcrw.com/ipp/?p=1535,The Goldhirsh Foundation was among the first KCRW supporters to invest in the Independent Producer Project. For the past two years the Foundation has provided grant funding that allows KCRW to provide financial and production support to some of public media’s most innovative independent storytellers.
"Prophet Margin, An Interview with Ben Goldhirsh, Los Angeles Magazine","July 1, 2013",http://www.lamag.com/citythinkblog/prophet-margin/,"Ben Goldhirsh, the founder of Good Worldwide, is putting his millions toward making L.A. a better place—and to making a buck."
"Connie Butler of MoMA goes to Hammer Museum as new chief curator, Los Angeles Times","May 16, 2013",http://articles.latimes.com/2013/may/16/entertainment/la-et-cm-connie-butler-of-moma-goes-to-hammer-museum-as-new-chief-curator-20130516,"After more than a year-long search, the Hammer Museum has hired Connie Butler, currently the chief curator of drawings at the Museum of Modern Art in New York, as its chief curator."
"Winners of $1 million in grants to improve L.A. announced, Los Angeles Times","May 8, 2013",http://articles.latimes.com/2013/may/08/local/la-me-ln-winners-of-1-million-prize-to-improve-la-announced-20130508,A Los Angeles charitable group that conducted an online poll to determine which of 279 nominated nonprofit and private companies should share in a $1-million prize announced its winners Wednesday.
"Announcing the winners of the LA2050 project, KPCC","May 8, 2013",http://www.scpr.org/programs/take-two/2013/05/08/31692/la2050-project-announces-their-winners/,The LA2050 project by the Goldhirsh Foundation asked organizations across the city what they would do to shape the future of Los Angeles.
"2050 LA Will Be Doing So Much More With Its Underused Space, Curbed LA","May 8, 2013",http://la.curbed.com/archives/2013/05/2050_la_will_be_doing_so_much_more_with_its_underused_space.php,"The votes have been counted and KPCC has the list of 10 projects that are going to make Los Angeles super awesome in 2050. Well, hopefully. The projects are all winners in the LA2050 competition and get to split $1 million in prize money--the competition fielded 270 ideas that might make LA a better place in 37 years, and pledged to give $100,000 to the top vote-getter in each of eight categories, plus two additional wildcard projects chosen by the sponsoring Goldhirsh Foundation."
"My LA2050: Project Proposals For A Better Los Angeles, Los Angeles Magazine","April 16, 2013",http://www.lamag.com/citythink/citythinkblog/2013/04/16/my-la2050-project-proposals-for-a-better-los-angeles,"Along with The Goldhirsh Foundation, GOOD (whose co-founder and CEO happens to be Ben Goldhirsh), has launched the My LA2050 project, a “community-owned mechanism” designed to reimagine L.A.’s future. With the help of experts, academics, practitioners, and supporters, The Goldhirsh Foundation will fund ten Angeleno-submitted project proposals with one million in grants."
